{
    "info": [
        {"name": "111", "content": "囧囧叽叽叽叽涵盖了好几回回家了合力科技回来就好厉害厉害厉害健康和客户可厉害铝合金"},
        {"name": "222", "content": "囧囧叽叽叽叽涵盖了好几回回家了合力科技回来就好厉害厉害厉害健康和客户可厉害铝合金"},
        {"name": "333", "content": "囧囧叽叽叽叽涵盖了好几回回家了合力科技回来就好厉害厉害厉害健康和客户可厉害铝合金"},
        {"name": "444", "content": "囧囧叽叽叽叽涵盖了好几回回家了合力科技回来就好厉害厉害厉害健康和客户可厉害铝合金"}
    ]
}